,best_val_error,best_val_loss,datasetname,modelname,opt_decay,opt_identifier,opt_momentum,opt_step_rate
0,2.77737951279,1.75703227347,boston,planarflowdet,0.913693958598,adam,0.830267154644,0.001
1,2.13955211639,0.137378087078,boston,radialflowdet,0.974542020391,adam,0.89080604545,0.001
2,3.46148943901,3.65357086624,boston,mixture,0.913693958598,adam,0.830267154644,0.001
3,3.25663352013,3.54882764588,boston,radialflow,0.912909685765,rmsprop,0.973447443509,0.0001
4,3.38699650764,4.11846745118,boston,baseline,0.912909685765,rmsprop,0.973447443509,0.0001
5,3.07006502151,4.15044905621,boston,planarflow,0.801062959819,adam,0.00621770522485,0.001
6,2.1748611927,-0.0539722390797,boston,baselinedet,0.918582946022,rmsprop,0.00497246690821,0.01
7,3.87702393532,5.51486948262,boston,baselineplus,0.913693958598,adam,0.830267154644,0.001
8,2.44667291641,-0.0146718893362,boston,baselinedetplus,0.918582946022,rmsprop,0.00497246690821,0.01
9,4.72599411011,789.794203927,concrete,planarflowdet,0.879320182305,adadelta,0.969514489555,0.1
10,4.09136390686,787.314342921,concrete,radialflowdet,0.879320182305,adadelta,0.969514489555,0.1
11,6.22096633911,4.51827067714,concrete,mixture,0.912909685765,rmsprop,0.973447443509,0.0001
12,8.95202350616,3.18886735877,concrete,radialflow,0.983554581891,rmsprop,0.911135788228,0.001
13,6.1524348259,2.26164087002,concrete,baseline,0.912909685765,rmsprop,0.973447443509,0.0001
14,6.00587368011,4.34761584702,concrete,planarflow,0.912909685765,rmsprop,0.973447443509,0.0001
15,4.05184602737,-0.0186656764759,concrete,baselinedet,0.809016152962,adam,4.61471782475e-05,0.01
16,6.79481363297,8.0825828771,concrete,baselineplus,0.912909685765,rmsprop,0.973447443509,0.0001
17,3.82793784142,-0.0477794421616,concrete,baselinedetplus,0.904882497394,rmsprop,0.00664346881683,0.01
18,0.793780148029,175.90249127,energy,planarflowdet,0.890482965686,adadelta,0.981279975932,0.1
19,0.429805189371,-1.63544751122,energy,radialflowdet,0.892577483924,adam,0.00713582002473,0.001
20,2.37343716621,4.00926670074,energy,mixture,0.9571221857,adam,0.000989787180952,0.001
21,3.11354994774,2.20656309993,energy,radialflow,0.892577483924,adam,0.00713582002473,0.001
22,2.26536250114,6.56170238938,energy,baseline,0.963117866824,adam,0.868062801426,0.001
23,2.3181874752,7.58605665037,energy,planarflow,0.963117866824,adam,0.868062801426,0.001
24,0.482999145985,-1.66573791504,energy,baselinedet,0.890482965686,adadelta,0.981279975932,0.1
25,2.32884097099,9.44207285336,energy,baselineplus,0.963117866824,adam,0.868062801426,0.001
26,0.439850360155,-1.69903335571,energy,baselinedetplus,0.890482965686,adadelta,0.981279975932,0.1
27,7.87389993668,3.97154372732,powerplant,planarflowdet,0.858941739876,adam,0.923833365374,0.01
28,7.77856206894,3.44769707228,powerplant,radialflowdet,0.946767059908,rmsprop,0.00572619189748,0.001
29,7.92547559738,5.74081423259,powerplant,mixture,0.858941739876,adam,0.923833365374,0.01
30,8.0456943512,3.71561458122,powerplant,radialflow,0.822465794563,adam,0.81184023975,0.001
31,7.97072839737,5.6919225706,powerplant,baseline,0.858941739876,adam,0.923833365374,0.01
32,7.87787628174,6.53173601544,powerplant,planarflow,0.858941739876,adam,0.923833365374,0.01
33,7.81920528412,3.40251963321,powerplant,baselinedet,0.858941739876,adam,0.923833365374,0.01
34,7.93214130402,10.1857036877,powerplant,baselineplus,0.858941739876,adam,0.923833365374,0.01
35,7.82733440399,3.37158882867,powerplant,baselinedetplus,0.946767059908,rmsprop,0.00572619189748,0.001
36,0.0849212557077,0.695413191467,kin8nm,planarflowdet,0.948955250765,rmsprop,0.970974994269,0.0001
37,0.0764524415135,0.215132398528,kin8nm,radialflowdet,0.983554581891,rmsprop,0.911135788228,0.001
38,0.101018801332,1.46085422175,kin8nm,mixture,0.974542020391,adam,0.89080604545,0.001
39,0.174508213997,3.09571877345,kin8nm,radialflow,0.918582946022,rmsprop,0.00497246690821,0.01
40,0.107958137989,1.61792404464,kin8nm,baseline,0.983554581891,rmsprop,0.911135788228,0.001
41,0.105101123452,1.61125543279,kin8nm,planarflow,0.974542020391,adam,0.89080604545,0.001
42,0.0789703279734,0.191629921518,kin8nm,baselinedet,0.983554581891,rmsprop,0.911135788228,0.001
43,0.109569124877,2.80398664604,kin8nm,baselineplus,0.974542020391,adam,0.89080604545,0.001
44,0.0732005015016,0.122331179901,kin8nm,baselinedetplus,0.983554581891,rmsprop,0.911135788228,0.001
45,0.628895521164,1.91621494293,winered,planarflowdet,0.988043649847,adam,0.0032993825343,0.001
46,0.632189512253,73.344346435,winered,radialflowdet,0.906731016827,rmsprop,0.00427929939969,0.001
47,0.676435053349,2.43099883751,winered,mixture,0.937634133118,adam,0.00227692082866,0.001
48,0.645501077175,1.92469141296,winered,radialflow,0.883359400528,rmsprop,0.00767949743752,0.01
49,0.659221112728,7.37624217846,winered,baseline,0.858941739876,adam,0.923833365374,0.01
50,0.659219205379,2.43597772386,winered,planarflow,0.883359400528,rmsprop,0.00767949743752,0.01
51,0.617900907993,1.2020433214,winered,baselinedet,0.820702407323,adam,0.800321862512,0.01
52,0.69976568222,5.4027105614,winered,baselineplus,0.974542020391,adam,0.89080604545,0.001
53,0.636482656002,1.1783917745,winered,baselinedetplus,0.820702407323,adam,0.800321862512,0.01
54,1.2531195879,131.322620006,yacht,planarflowdet,0.890482965686,adadelta,0.981279975932,0.1
55,0.495242059231,7.5669304984,yacht,radialflowdet,0.9571221857,adam,0.000989787180952,0.001
56,6.39165687561,3.88530315672,yacht,mixture,0.913693958598,adam,0.830267154644,0.001
57,6.21245574951,4.87878288976,yacht,radialflow,0.972426099398,adam,0.893157953082,0.1
58,4.66664934158,6.07736932948,yacht,baseline,0.913693958598,adam,0.830267154644,0.001
59,4.04813241959,6.91509457997,yacht,planarflow,0.913693958598,adam,0.830267154644,0.001
60,0.739195644855,-1.52398681641,yacht,baselinedet,0.843650242283,adam,9.46773299684e-05,0.01
61,5.29113674164,5.97532853626,yacht,baselineplus,0.913693958598,adam,0.830267154644,0.001
62,0.612335145473,-1.68034240178,yacht,baselinedetplus,0.858941739876,adam,0.923833365374,0.01
63,inf,0.165813671215,toy1d,mixture,0.855134467683,adam,0.814380764219,0.001
64,inf,0.155796109955,toy1d,baseline,0.855134467683,adam,0.814380764219,0.001
65,inf,0.1537011796,toy1d,planarflowdet,0.855134467683,adam,0.814380764219,0.001
66,inf,0.13006359273,toy1d,radialflowdet,0.855134467683,adam,0.814380764219,0.001
67,inf,0.157860243791,toy1d,planarflow,0.855134467683,adam,0.814380764219,0.001
68,inf,0.134519559022,toy1d,baselinedet,0.855134467683,adam,0.814380764219,0.001
69,inf,0.147414250981,toy1d,radialflow,0.855134467683,adam,0.814380764219,0.001
70,inf,2.56795336537,toy2d,mixture,0.936229536545,adam,0.901751392341,0.001
71,inf,0.0446202144681,toy2d,baseline,0.936229536545,adam,0.901751392341,0.001
72,inf,8.6691071592,toy2d,planarflowdet,0.936229536545,adam,0.901751392341,0.001
73,inf,2.88674937736,toy2d,radialflowdet,0.936229536545,adam,0.901751392341,0.001
74,inf,1.45469168385,toy2d,planarflow,0.936229536545,adam,0.901751392341,0.001
75,inf,0.0174387672844,toy2d,baselinedet,0.936229536545,adam,0.901751392341,0.001
76,inf,1.89114212475,toy2d,radialflow,0.936229536545,adam,0.901751392341,0.001
